,author_1_name,author_1_subreddit,author_2_name,author_2_subreddit,url_count,punctuation_count,day_period,text_similarity,label
0,datascience-bot,datascience,roonishpower,datascience,792,72934,1.0,0.03842531889677048,False
1,datascience-bot,datascience,roonishpower,learnprogramming,786,72998,0.0,0.14649659395217896,False
2,datascience-bot,datascience,roonishpower,learnpython,789,72998,2.5,0.08426466584205627,False
3,datascience-bot,datascience,vadhavaniyafaijan,datascience,783,72998,0.7999999999999998,0.19038832187652588,False
4,datascience-bot,datascience,vadhavaniyafaijan,learnpython,791,72974,1.0,0.09862525761127472,False
5,datascience-bot,datascience,vadhavaniyafaijan,programmerhumor,785,72998,2.25,0.12346073985099792,False
6,datascience-bot,datascience,question_23,datascience,792,72998,2.0,0.1964215189218521,False
7,datascience-bot,datascience,BluntButter,datascience,793,72998,1.0,0.1196470633149147,False
8,datascience-bot,datascience,Altruistic_Camel,datascience,764,71892,1.0,0.1283389776945114,False
9,datascience-bot,datascience,veeeerain,datascience,782,72959,1.0,0.12500333786010742,False
10,datascience-bot,datascience,veeeerain,learnpython,793,72984,2.0,0.1270025372505188,False
11,datascience-bot,datascience,yoi12321,datascience,793,72990,1.0,0.1451621800661087,False
12,datascience-bot,datascience,shoegraze,datascience,793,72998,1.0,0.006518936716020107,False
13,datascience-bot,datascience,HairInformal7216,datascience,793,72998,1.0,0.18796572089195251,False
14,datascience-bot,datascience,HairInformal7216,learnpython,793,72998,1.0,0.058356404304504395,False
15,datascience-bot,datascience,Kickass_Wizard,datascience,790,72998,1.3333333333333335,-0.0265828687697649,False
16,datascience-bot,datascience,Kickass_Wizard,programmerhumor,785,72998,3.0,0.07710891962051392,False
17,datascience-bot,datascience,LudwigTheBear,datascience,792,72995,0.0,0.09621570259332657,False
18,datascience-bot,datascience,LudwigTheBear,programmerhumor,788,72986,0.0,0.08579456806182861,False
19,datascience-bot,datascience,royal-Brwn,datascience,792,72926,0.0,0.266521692276001,False
20,datascience-bot,datascience,royal-Brwn,learnprogramming,793,72998,1.0,0.15308381617069244,False
21,datascience-bot,datascience,colxwhale123,datascience,792,72998,0.0,0.02076146937906742,False
22,datascience-bot,datascience,colxwhale123,learnprogramming,791,72998,1.0,0.016870032995939255,False
23,datascience-bot,datascience,WirelessSushi,datascience,787,72875,1.0,0.2993429899215698,False
24,datascience-bot,datascience,Celiuu,datascience,793,72998,0.5,0.0834001898765564,False
25,datascience-bot,datascience,Celiuu,learnprogramming,793,72998,0.0,0.1242276132106781,False
26,datascience-bot,datascience,BullCityPicker,datascience,793,72998,0.0,0.08729978650808334,False
27,datascience-bot,datascience,BullCityPicker,learnpython,793,72995,1.0,0.26594388484954834,False
28,datascience-bot,datascience,informatica6,datascience,793,72998,2.0,0.11370924115180969,False
29,datascience-bot,datascience,macknasty321,datascience,792,72998,2.0,0.05983032286167145,False
30,datascience-bot,datascience,the_last_crusaderr,datascience,792,72998,2.0,0.1737307906150818,False
31,datascience-bot,datascience,the_last_crusaderr,learnprogramming,793,72998,2.0,-0.022056959569454193,False
32,datascience-bot,datascience,the_last_crusaderr,programmerhumor,752,72998,1.0,0.20149612426757812,False
33,datascience-bot,datascience,Kennyb321,datascience,792,72998,3.0,0.006144450977444649,False
34,datascience-bot,datascience,MrBurritoQuest,datascience,792,72998,3.0,0.08495630323886871,False
35,datascience-bot,datascience,driscollis,datascience,791,72931,1.0,0.20711727440357208,False
36,datascience-bot,datascience,driscollis,learnprogramming,791,72899,1.0,0.16019973158836365,False
37,datascience-bot,datascience,driscollis,learnpython,759,72488,1.0,0.13797801733016968,False
38,datascience-bot,datascience,Monsi_Boy,learnprogramming,790,72126,0.0,0.19065800309181213,False
39,datascience-bot,datascience,Monsi_Boy,learnpython,791,71560,0.0,0.1801440715789795,False
40,datascience-bot,datascience,Monsi_Boy,programmerhumor,789,72998,0.0,-0.025292154401540756,False
41,datascience-bot,datascience,Standardweasel,learnprogramming,781,72508,2.0,0.12817168235778809,False
42,datascience-bot,datascience,AlSweigart,learnprogramming,519,69224,1.0,0.14421311020851135,False
43,datascience-bot,datascience,AlSweigart,learnpython,576,70106,1.0,0.18983221054077148,False
44,datascience-bot,datascience,djrdog578,learnprogramming,791,72990,1.0,-0.006560446694493294,False
45,datascience-bot,datascience,djrdog578,learnpython,791,72984,2.0,0.048488959670066833,False
46,datascience-bot,datascience,NotTreeFiddy,learnprogramming,793,72998,0.0,0.1872602105140686,False
47,datascience-bot,datascience,NotTreeFiddy,learnpython,793,72958,0.0,0.2085404247045517,False
48,datascience-bot,datascience,mutantdustbunny,learnprogramming,786,72784,2.0,0.17809078097343445,False
49,datascience-bot,datascience,LeatherNoodles,learnprogramming,793,72984,1.0,0.22707948088645935,False
50,datascience-bot,datascience,Halmesn,learnprogramming,789,72954,1.0,0.26357096433639526,False
51,datascience-bot,datascience,certainly_imperfect,learnprogramming,793,72989,1.0,0.2615906298160553,False
52,datascience-bot,datascience,certainly_imperfect,learnpython,793,72257,1.0,0.2642686665058136,False
53,datascience-bot,datascience,cellularcone,learnprogramming,793,72998,1.0,0.10591447353363037,False
54,datascience-bot,datascience,cellularcone,learnpython,792,72968,0.0,0.06855062395334244,False
55,datascience-bot,datascience,thehappyorchardblog,learnprogramming,793,72998,0.0,0.060173194855451584,False
56,datascience-bot,datascience,thehappyorchardblog,learnpython,789,72955,1.0,0.1033451184630394,False
57,datascience-bot,datascience,MikeDoesEverything,learnprogramming,782,72709,1.0,0.320190966129303,False
58,datascience-bot,datascience,MikeDoesEverything,learnpython,765,71917,0.0,0.3406983017921448,False
59,datascience-bot,datascience,jcsongor,learnprogramming,789,72979,0.0,0.16732293367385864,False
60,datascience-bot,datascience,jcsongor,learnpython,791,72998,2.0,0.15359921753406525,False
61,datascience-bot,datascience,legaladvcethrwaway,learnprogramming,793,72998,0.0,0.10205531120300293,False
62,datascience-bot,datascience,edgeofsanity76,learnprogramming,791,72892,1.0,0.23466458916664124,False
63,datascience-bot,datascience,swiftlyRising,learnprogramming,781,72795,2.0,0.1739368736743927,False
64,datascience-bot,datascience,ApolloNoxx,learnprogramming,735,71661,0.0,0.20883417129516602,False
65,datascience-bot,datascience,nameisinigomontoya,learnprogramming,793,72998,1.0,0.23049432039260864,False
66,datascience-bot,datascience,ConsciousCog1,learnprogramming,793,72998,2.0,0.06006350740790367,False
67,datascience-bot,datascience,straight_quavers,learnprogramming,790,72998,1.0,0.1881759762763977,False
68,datascience-bot,datascience,dickdeamonds,learnprogramming,770,72765,0.0,0.20533093810081482,False
69,datascience-bot,datascience,SwapApp,learnprogramming,779,72754,0.0,0.08157496154308319,False
70,datascience-bot,datascience,SpeedoMeter21,learnprogramming,788,72888,3.0,0.11218126118183136,False
71,datascience-bot,datascience,100thRedditAc,learnprogramming,793,72998,2.0,0.20811083912849426,False
72,datascience-bot,datascience,100thRedditAc,programmerhumor,792,72998,1.0,0.009301621466875076,False
73,datascience-bot,datascience,Fateen45,learnprogramming,788,72929,2.0,0.20651061832904816,False
74,datascience-bot,datascience,Fateen45,learnpython,783,71941,1.0,0.17195484042167664,False
75,datascience-bot,datascience,Ok-Improvement-6388,learnprogramming,793,72998,2.0,0.05785313621163368,False
76,datascience-bot,datascience,Ok-Improvement-6388,learnpython,791,72581,0.0,0.1075478121638298,False
77,datascience-bot,datascience,rawrtherapybackup,learnpython,788,72996,1.0,0.1300380527973175,False
78,datascience-bot,datascience,ghazgul,learnpython,793,72998,0.0,0.19254885613918304,False
79,datascience-bot,datascience,rujole13,learnpython,769,72935,2.0,0.12525007128715515,False
80,datascience-bot,datascience,dadsinamood,learnpython,793,72998,1.0,0.19871000945568085,False
81,datascience-bot,datascience,danquandt,learnpython,793,72998,0.0,0.12333457171916962,False
82,datascience-bot,datascience,ivaylos,learnpython,787,72932,1.0,0.14207497239112854,False
83,datascience-bot,datascience,hydroscopick,learnpython,788,72939,0.0,0.16253286600112915,False
84,datascience-bot,datascience,Drunken_Economist,programmerhumor,792,72998,3.0,-0.008752861991524696,False
85,datascience-bot,datascience,eatsomeonion,programmerhumor,792,72998,4.0,0.08043684810400009,False
86,datascience-bot,datascience,AIMMOTH666,programmerhumor,787,72998,1.0,0.14987865090370178,False
87,datascience-bot,datascience,taralino,programmerhumor,791,72998,0.0,0.07551409304141998,False
88,datascience-bot,datascience,MrMartin777,programmerhumor,792,72998,1.0,-0.0737333744764328,False
89,datascience-bot,datascience,yuva-krishna-memes,programmerhumor,331,72974,1.0,0.08002559095621109,False
90,datascience-bot,datascience,stijen4,programmerhumor,780,72998,2.384615384615385,0.09381941705942154,False
91,datascience-bot,datascience,AggressiveIyAvg,programmerhumor,791,72998,2.0,0.047456078231334686,False
92,datascience-bot,datascience,amazed_spirit,programmerhumor,790,72998,1.0,0.21455924212932587,False
93,datascience-bot,datascience,Gentlegiant2,programmerhumor,791,72998,2.0,-0.09995242953300476,False
94,datascience-bot,datascience,navneetmuffin,programmerhumor,770,72998,1.0,0.14664049446582794,False
95,datascience-bot,datascience,okawei,programmerhumor,791,72998,1.0,0.12821489572525024,False
96,datascience-bot,datascience,hennell,programmerhumor,790,72985,1.0,0.11380031704902649,False
97,roonishpower,datascience,roonishpower,learnprogramming,6,64,1.0,0.7762085199356079,True
98,roonishpower,datascience,roonishpower,learnpython,3,64,1.5,0.7080439329147339,True
99,roonishpower,datascience,vadhavaniyafaijan,datascience,9,64,0.20000000000000018,0.6641572713851929,False
100,roonishpower,datascience,vadhavaniyafaijan,learnpython,1,40,2.0,0.5605896711349487,False
101,roonishpower,datascience,vadhavaniyafaijan,programmerhumor,7,64,1.25,0.5660167336463928,False
102,roonishpower,datascience,question_23,datascience,0,64,1.0,0.5662474036216736,False
103,roonishpower,datascience,BluntButter,datascience,1,64,0.0,0.5933176279067993,False
104,roonishpower,datascience,Altruistic_Camel,datascience,28,1042,0.0,0.5125513076782227,False
105,roonishpower,datascience,veeeerain,datascience,10,25,0.0,0.5490044951438904,False
106,roonishpower,datascience,veeeerain,learnpython,1,50,1.0,0.6274176836013794,False
107,roonishpower,datascience,yoi12321,datascience,1,56,0.0,0.6573182940483093,False
108,roonishpower,datascience,shoegraze,datascience,1,64,0.0,0.4375380873680115,False
109,roonishpower,datascience,HairInformal7216,datascience,1,64,0.0,0.46687161922454834,False
110,roonishpower,datascience,HairInformal7216,learnpython,1,64,0.0,0.565146803855896,False
111,roonishpower,datascience,Kickass_Wizard,datascience,2,64,0.3333333333333335,0.2817232310771942,False
112,roonishpower,datascience,Kickass_Wizard,programmerhumor,7,64,2.0,0.4292744994163513,False
113,roonishpower,datascience,LudwigTheBear,datascience,0,61,1.0,0.5998913049697876,False
114,roonishpower,datascience,LudwigTheBear,programmerhumor,4,52,1.0,0.6254702210426331,False
115,roonishpower,datascience,royal-Brwn,datascience,0,8,1.0,0.6412065029144287,False
116,roonishpower,datascience,royal-Brwn,learnprogramming,1,64,0.0,0.5866858959197998,False
117,roonishpower,datascience,colxwhale123,datascience,0,64,1.0,0.5856373310089111,False
118,roonishpower,datascience,colxwhale123,learnprogramming,1,64,2.0,0.544899046421051,False
119,roonishpower,datascience,WirelessSushi,datascience,5,59,0.0,0.6132305860519409,False
120,roonishpower,datascience,Celiuu,datascience,1,64,0.5,0.6088844537734985,False
121,roonishpower,datascience,Celiuu,learnprogramming,1,64,1.0,0.47052326798439026,False
122,roonishpower,datascience,BullCityPicker,datascience,1,64,1.0,0.4526621401309967,False
123,roonishpower,datascience,BullCityPicker,learnpython,1,61,0.0,0.5145291090011597,False
124,roonishpower,datascience,informatica6,datascience,1,64,1.0,0.5968136787414551,False
125,roonishpower,datascience,macknasty321,datascience,0,64,1.0,0.4943978190422058,False
126,roonishpower,datascience,the_last_crusaderr,datascience,0,64,1.0,-0.10833482444286346,False
127,roonishpower,datascience,the_last_crusaderr,learnprogramming,1,64,1.0,0.492412805557251,False
128,roonishpower,datascience,the_last_crusaderr,programmerhumor,40,64,0.0,0.5633448958396912,False
129,roonishpower,datascience,Kennyb321,datascience,0,64,2.0,0.594744086265564,False
130,roonishpower,datascience,MrBurritoQuest,datascience,0,64,2.0,0.5502496957778931,False
131,roonishpower,datascience,driscollis,datascience,1,3,0.0,0.6648173332214355,False
132,roonishpower,datascience,driscollis,learnprogramming,1,35,0.0,0.6456549167633057,False
133,roonishpower,datascience,driscollis,learnpython,33,446,0.0,0.4946327805519104,False
134,roonishpower,datascience,Monsi_Boy,learnprogramming,2,808,1.0,0.4216248095035553,False
135,roonishpower,datascience,Monsi_Boy,learnpython,1,1374,1.0,0.5787621736526489,False
136,roonishpower,datascience,Monsi_Boy,programmerhumor,3,64,1.0,0.5292688012123108,False
137,roonishpower,datascience,Standardweasel,learnprogramming,11,426,1.0,0.5607014894485474,False
138,roonishpower,datascience,AlSweigart,learnprogramming,273,3710,0.0,0.4404791593551636,False
139,roonishpower,datascience,AlSweigart,learnpython,216,2828,0.0,0.41095852851867676,False
140,roonishpower,datascience,djrdog578,learnprogramming,1,56,0.0,0.5506454706192017,False
141,roonishpower,datascience,djrdog578,learnpython,1,50,1.0,0.6457445621490479,False
142,roonishpower,datascience,NotTreeFiddy,learnprogramming,1,64,1.0,0.6121684908866882,False
143,roonishpower,datascience,NotTreeFiddy,learnpython,1,24,1.0,0.593651533126831,False
144,roonishpower,datascience,mutantdustbunny,learnprogramming,6,150,1.0,0.6627644300460815,False
145,roonishpower,datascience,LeatherNoodles,learnprogramming,1,50,0.0,0.5616888403892517,False
146,roonishpower,datascience,Halmesn,learnprogramming,3,20,0.0,0.5535944104194641,False
147,roonishpower,datascience,certainly_imperfect,learnprogramming,1,55,0.0,0.5303435325622559,False
148,roonishpower,datascience,certainly_imperfect,learnpython,1,677,0.0,0.45572343468666077,False
149,roonishpower,datascience,cellularcone,learnprogramming,1,64,0.0,0.5144573450088501,False
150,roonishpower,datascience,cellularcone,learnpython,0,34,1.0,0.614029049873352,False
151,roonishpower,datascience,thehappyorchardblog,learnprogramming,1,64,1.0,0.4045287072658539,False
152,roonishpower,datascience,thehappyorchardblog,learnpython,3,21,0.0,0.560248851776123,False
153,roonishpower,datascience,MikeDoesEverything,learnprogramming,10,225,2.0,0.5886949896812439,False
154,roonishpower,datascience,MikeDoesEverything,learnpython,27,1017,1.0,0.6369279623031616,False
155,roonishpower,datascience,jcsongor,learnprogramming,3,45,1.0,0.665302038192749,False
156,roonishpower,datascience,jcsongor,learnpython,1,64,1.0,0.6414672136306763,False
157,roonishpower,datascience,legaladvcethrwaway,learnprogramming,1,64,1.0,0.6019483804702759,False
158,roonishpower,datascience,edgeofsanity76,learnprogramming,1,42,0.0,0.591459333896637,False
159,roonishpower,datascience,swiftlyRising,learnprogramming,11,139,1.0,0.5639954805374146,False
160,roonishpower,datascience,ApolloNoxx,learnprogramming,57,1273,1.0,0.5981795191764832,False
161,roonishpower,datascience,nameisinigomontoya,learnprogramming,1,64,0.0,0.5757573843002319,False
162,roonishpower,datascience,ConsciousCog1,learnprogramming,1,64,1.0,0.5158613920211792,False
163,roonishpower,datascience,straight_quavers,learnprogramming,2,64,2.0,0.5492836236953735,False
164,roonishpower,datascience,dickdeamonds,learnprogramming,22,169,1.0,0.6322027444839478,False
165,roonishpower,datascience,SwapApp,learnprogramming,13,180,1.0,0.6342828273773193,False
166,roonishpower,datascience,SpeedoMeter21,learnprogramming,4,46,2.0,0.6265946626663208,False
167,roonishpower,datascience,100thRedditAc,learnprogramming,1,64,1.0,0.639354407787323,False
168,roonishpower,datascience,100thRedditAc,programmerhumor,0,64,2.0,0.23060016334056854,False
169,roonishpower,datascience,Fateen45,learnprogramming,4,5,1.0,0.5784488916397095,False
170,roonishpower,datascience,Fateen45,learnpython,9,993,0.0,0.5291532278060913,False
171,roonishpower,datascience,Ok-Improvement-6388,learnprogramming,1,64,1.0,0.6312592029571533,False
172,roonishpower,learnprogramming,roonishpower,learnpython,3,0,2.5,0.7532802820205688,True
173,vadhavaniyafaijan,datascience,vadhavaniyafaijan,learnpython,8,24,1.7999999999999998,0.5248908400535583,True
174,vadhavaniyafaijan,datascience,vadhavaniyafaijan,programmerhumor,2,0,1.4500000000000002,0.562980055809021,True
175,vadhavaniyafaijan,learnpython,vadhavaniyafaijan,programmerhumor,6,24,3.25,0.43775561451911926,True
176,veeeerain,datascience,veeeerain,learnpython,11,25,1.0,0.5822302103042603,True
177,HairInformal7216,datascience,HairInformal7216,learnpython,0,0,0.0,0.6434199810028076,True
178,Kickass_Wizard,datascience,Kickass_Wizard,programmerhumor,5,0,1.6666666666666665,0.25496795773506165,True
179,LudwigTheBear,datascience,LudwigTheBear,programmerhumor,4,9,0.0,0.7912361025810242,True
180,royal-Brwn,datascience,royal-Brwn,learnprogramming,1,72,1.0,0.7035382986068726,True
181,colxwhale123,datascience,colxwhale123,learnprogramming,1,0,1.0,0.7091454267501831,True
182,Celiuu,datascience,Celiuu,learnprogramming,0,0,0.5,0.49587133526802063,True
183,BullCityPicker,datascience,BullCityPicker,learnpython,0,3,1.0,0.6457474231719971,True
184,the_last_crusaderr,datascience,the_last_crusaderr,learnprogramming,1,0,0.0,-0.08098117262125015,True
185,the_last_crusaderr,datascience,the_last_crusaderr,programmerhumor,40,0,1.0,-0.044758424162864685,True
186,the_last_crusaderr,learnprogramming,the_last_crusaderr,programmerhumor,41,0,1.0,0.439492791891098,True
187,driscollis,datascience,driscollis,learnprogramming,0,32,0.0,0.6374136209487915,True
188,driscollis,datascience,driscollis,learnpython,32,443,0.0,0.6046178340911865,True
189,driscollis,learnprogramming,driscollis,learnpython,32,411,0.0,0.7802150845527649,True
190,Monsi_Boy,learnprogramming,Monsi_Boy,learnpython,1,566,0.0,0.7456209659576416,True
191,Monsi_Boy,learnprogramming,Monsi_Boy,programmerhumor,1,872,0.0,0.401092529296875,True
192,Monsi_Boy,learnpython,Monsi_Boy,programmerhumor,2,1438,0.0,0.5372315645217896,True
193,AlSweigart,learnprogramming,AlSweigart,learnpython,57,882,0.0,0.9128527641296387,True
194,djrdog578,learnprogramming,djrdog578,learnpython,0,6,1.0,0.4656049609184265,True
195,NotTreeFiddy,learnprogramming,NotTreeFiddy,learnpython,0,40,0.0,0.6465506553649902,True
196,certainly_imperfect,learnprogramming,certainly_imperfect,learnpython,0,732,0.0,0.555573582649231,True
197,cellularcone,learnprogramming,cellularcone,learnpython,1,30,1.0,0.7224223613739014,True
198,thehappyorchardblog,learnprogramming,thehappyorchardblog,learnpython,4,43,1.0,0.6608234643936157,True
199,MikeDoesEverything,learnprogramming,MikeDoesEverything,learnpython,17,792,1.0,0.6699130535125732,True
200,jcsongor,learnprogramming,jcsongor,learnpython,2,19,2.0,0.8724702000617981,True
201,100thRedditAc,learnprogramming,100thRedditAc,programmerhumor,1,0,3.0,0.2942564785480499,True
202,Fateen45,learnprogramming,Fateen45,learnpython,5,988,1.0,0.6211740970611572,True
203,Ok-Improvement-6388,learnprogramming,Ok-Improvement-6388,learnpython,2,417,2.0,0.6742122769355774,True
